veine;section;x;s;y;x_noto_HREM;y_noto_HREM;dx_gauche_px;dd_dorsal_px;label_EHD;axe_termine;fiable;dans_volume
cardinale_anterieure;39;210.8;232.1;442.6;132.7;511.9;-71.0;-63.0;primary head vein;False;False;True
cardinale_anterieure;39;50.2;232.1;542.7;132.7;511.9;75.0;28.0;primary head vein;False;False;True
cardinale_anterieure;40;210.8;232.1;445.9;132.7;511.9;-71.0;-60.0;primary head vein;False;False;True
cardinale_anterieure;40;50.2;232.1;542.7;132.7;511.9;75.0;28.0;primary head vein;False;False;True
cardinale_anterieure;41;208.6;232.1;443.7;132.7;511.9;-69.0;-62.0;primary head vein;False;False;True
cardinale_anterieure;41;204.2;232.1;533.9;132.7;511.9;-65.0;20.0;primary head vein;False;False;True
cardinale_anterieure;41;46.9;232.1;538.3;132.7;511.9;78.0;24.0;primary head vein;False;False;True
cardinale_anterieure;42;43.6;232.1;535.0;132.7;511.9;81.0;21.0;primary head vein;False;False;True
cardinale_anterieure;43;45.8;232.1;522.9;132.7;511.9;79.0;10.0;primary head vein;False;False;True
cardinale_anterieure;44;198.7;232.1;558.1;132.7;511.9;-60.0;42.0;primary head vein;False;False;True
cardinale_anterieure;45;199.8;232.1;560.3;132.7;511.9;-61.0;44.0;primary head vein;False;False;True
cardinale_anterieure;46;199.8;232.1;561.4;132.7;511.9;-61.0;45.0;primary head vein;False;False;True
cardinale_anterieure;47;60.1;232.1;572.4;132.7;511.9;66.0;55.0;primary head vein;False;False;True
cardinale_anterieure;47;44.7;232.1;439.3;132.7;511.9;80.0;-66.0;primary head vein;False;False;True
cardinale_anterieure;48;63.4;232.1;583.4;132.7;511.9;63.0;65.0;primary head vein;False;False;True
cardinale_anterieure;48;45.8;232.1;441.5;132.7;511.9;79.0;-64.0;primary head vein;False;False;True
cardinale_anterieure;49;48.0;232.1;432.7;132.7;511.9;77.0;-72.0;primary head vein;False;False;True
cardinale_anterieure;50;193.2;232.1;584.5;132.7;511.9;-55.0;66.0;primary head vein;False;False;True
cardinale_anterieure;50;49.1;232.1;429.4;132.7;511.9;76.0;-75.0;primary head vein;False;False;True
cardinale_anterieure;51;193.2;232.1;592.2;132.7;511.9;-55.0;73.0;primary head vein;False;False;True
cardinale_anterieure;52;61.2;232.1;593.3;132.7;511.9;65.0;74.0;precardinal vein;False;False;True
cardinale_anterieure;52;46.9;232.1;411.8;132.7;511.9;78.0;-91.0;primary head vein;False;False;True
cardinale_anterieure;53;61.2;232.1;594.4;132.7;511.9;65.0;75.0;precardinal vein;False;False;True
cardinale_anterieure;53;46.9;232.1;398.6;132.7;511.9;78.0;-103.0;primary head vein;False;False;True
cardinale_anterieure;55;46.9;232.1;393.1;132.7;511.9;78.0;-108.0;primary head vein;False;True;True
cardinale_anterieure;56;199.4;236.5;604.0;133.4;516.0;-60.0;80.0;precardinal vein;False;True;True
cardinale_anterieure;60;206.8;255.6;737.0;137.5;530.2;-63.0;188.0;precardinal vein;False;False;False
cardinale_anterieure;61;207.5;260.5;701.6;138.5;533.6;-62.7;152.7;precardinal vein;False;True;True
cardinale_anterieure;61;60.1;260.5;433.2;138.5;533.6;71.3;-91.3;primary head vein;False;True;True
cardinale_anterieure;62;203.3;265.2;678.6;139.2;537.4;-58.3;128.3;precardinal vein;False;True;True
cardinale_anterieure;62;55.9;265.2;410.2;139.2;537.4;75.7;-115.7;primary head vein;False;True;True
cardinale_anterieure;66;74.6;283.7;657.8;142.2;552.7;61.5;95.5;precardinal vein;False;True;True
cardinale_anterieure;67;76.3;288.9;660.6;143.4;555.5;61.0;95.5;precardinal vein;False;True;True
cardinale_anterieure;68;84.8;294.6;786.2;144.2;557.4;54.0;208.0;precardinal vein;False;False;False
cardinale_anterieure;69;89.4;300.6;789.4;144.4;558.4;50.0;210.0;precardinal vein;False;False;False
cardinale_anterieure;70;207.0;306.6;530.3;144.3;558.9;-57.0;-26.0;precardinal vein;False;True;True
cardinale_anterieure;70;67.3;306.6;231.1;144.3;558.9;70.0;-298.0;primary head vein;False;True;True
cardinale_anterieure;71;206.6;312.6;672.0;144.4;559.3;-56.5;102.5;precardinal vein;False;True;True
cardinale_anterieure;75;230.1;320.1;639.8;165.1;559.9;-59.1;72.6;precardinal vein;False;True;True
cardinale_anterieure;76;232.5;325.7;629.5;164.5;560.5;-61.8;62.7;precardinal vein;False;True;True
cardinale_anterieure;77;232.1;331.6;622.0;164.6;561.9;-61.4;54.7;precardinal vein;False;True;True
cardinale_anterieure;78;236.3;337.3;617.0;165.8;563.5;-64.1;48.7;precardinal vein;False;True;True
cardinale_anterieure;79;237.5;343.0;605.4;167.3;564.9;-63.8;36.8;precardinal vein;False;True;True
cardinale_anterieure;80;237.7;348.7;597.4;169.0;565.7;-62.4;28.8;precardinal vein;False;True;True
cardinale_anterieure;81;241.1;354.6;591.1;170.5;566.0;-64.1;22.8;precardinal vein;False;True;True
cardinale_anterieure;82;239.7;360.5;572.2;171.8;565.8;-61.7;5.8;precardinal vein;False;True;True
cardinale_anterieure;87;114.4;390.1;494.5;178.2;566.0;58.0;-65.0;precardinal vein;False;True;True
cardinale_anterieure;88;112.5;396.0;494.6;179.6;566.1;61.0;-65.0;precardinal vein;False;True;True
cardinale_anterieure;89;111.6;401.9;491.9;180.9;565.6;63.0;-67.0;precardinal vein;False;True;True
cardinale_anterieure;90;113.5;407.9;496.9;181.7;565.1;62.0;-62.0;precardinal vein;False;True;True
cardinale_anterieure;91;112.9;413.9;498.8;182.2;564.8;63.0;-60.0;precardinal vein;False;True;True
cardinale_anterieure;92;117.5;420.0;494.1;182.4;564.5;59.0;-64.0;precardinal vein;False;True;True
cardinale_anterieure;93;123.1;426.0;498.6;182.5;564.6;54.0;-60.0;precardinal vein;False;True;True
cardinale_anterieure;94;117.4;432.1;490.3;182.3;565.1;59.0;-68.0;precardinal vein;False;True;True
cardinale_anterieure;95;121.8;438.1;485.7;182.3;566.0;55.0;-73.0;precardinal vein;False;True;True
cardinale_anterieure;96;261.9;444.1;490.6;182.9;566.3;-71.8;-68.8;precardinal vein;False;True;True
cardinale_anterieure;97;262.1;450.1;494.2;183.5;566.3;-71.5;-65.5;precardinal vein;False;True;True
cardinale_anterieure;99;256.2;457.4;495.7;184.7;566.1;-65.0;-64.0;precardinal vein;False;True;True
cardinale_commune;100;118.3;461.0;472.3;185.4;565.8;61.0;-85.0;common cardinal vein;False;True;True
cardinale_commune;101;120.5;464.5;474.0;186.5;565.3;60.0;-83.0;common cardinal vein;False;True;True
cardinale_commune;102;122.9;467.9;473.4;187.8;564.7;59.0;-83.0;common cardinal vein;False;True;True
cardinale_commune;103;121.1;471.2;471.5;189.3;563.9;62.0;-84.0;common cardinal vein;False;True;True
cardinale_commune;104;123.9;474.3;465.1;191.0;563.0;61.0;-89.0;common cardinal vein;False;True;True
cardinale_commune;105;124.4;477.5;458.5;192.6;561.9;62.0;-94.0;common cardinal vein;False;True;True
cardinale_commune;106;129.1;480.6;454.0;194.0;560.7;59.0;-97.0;common cardinal vein;False;True;True
cardinale_commune;107;135.7;483.9;457.0;195.1;559.3;54.0;-93.0;common cardinal vein;False;True;True
cardinale_commune;108;136.3;487.3;451.2;195.7;557.9;54.0;-97.0;common cardinal vein;False;True;True
cardinale_commune;109;136.7;490.6;445.3;196.1;556.4;54.0;-101.0;common cardinal vein;False;True;True
cardinale_commune;110;274.5;494.0;438.4;196.4;555.0;-71.0;-106.0;common cardinal vein;False;True;True
cardinale_commune;110;140.3;494.0;443.9;196.4;555.0;51.0;-101.0;common cardinal vein;False;True;True
cardinale_commune;111;141.7;497.5;442.6;196.7;553.7;50.0;-101.0;common cardinal vein;False;True;True
cardinale_commune;112;149.1;500.9;439.1;197.5;552.4;44.0;-103.0;common cardinal vein;False;True;True
cardinale_commune;113;144.4;504.3;438.0;198.3;551.3;49.0;-103.0;left common cardinal vein;False;True;True
cardinale_commune;114;147.8;507.6;434.7;199.5;550.2;47.0;-105.0;left common cardinal vein;False;True;True
cardinale_posterieure;100;122.7;461.0;518.5;185.4;565.8;57.0;-43.0;postcardinal vein;False;True;True
cardinale_posterieure;101;124.9;464.5;521.3;186.5;565.3;56.0;-40.0;postcardinal vein;False;True;True
cardinale_posterieure;102;128.4;467.9;519.6;187.8;564.7;54.0;-41.0;postcardinal vein;False;True;True
cardinale_posterieure;103;127.7;471.2;519.9;189.3;563.9;56.0;-40.0;postcardinal vein;False;True;True
cardinale_posterieure;104;130.5;474.3;520.1;191.0;563.0;55.0;-39.0;postcardinal vein;False;True;True
cardinale_posterieure;105;189.3;477.5;495.9;192.6;561.9;3.0;-60.0;postcardinal vein;False;True;True
cardinale_posterieure;106;135.7;480.6;510.1;194.0;560.7;53.0;-46.0;postcardinal vein;False;True;True
cardinale_posterieure;107;257.8;483.9;517.5;195.1;559.3;-57.0;-38.0;postcardinal vein;False;True;True
cardinale_posterieure;108;254.0;487.3;516.1;195.7;557.9;-53.0;-38.0;postcardinal vein;False;True;True
cardinale_posterieure;109;256.6;490.6;517.9;196.1;556.4;-55.0;-35.0;postcardinal vein;False;True;True
cardinale_posterieure;110;258.0;494.0;515.4;196.4;555.0;-56.0;-36.0;postcardinal vein;False;True;True
cardinale_posterieure;111;262.7;497.5;519.6;196.7;553.7;-60.0;-31.0;postcardinal vein;False;True;True
cardinale_posterieure;112;265.7;500.9;520.5;197.5;552.4;-62.0;-29.0;postcardinal vein;False;True;True
cardinale_posterieure;113;264.3;504.3;515.0;198.3;551.3;-60.0;-33.0;postcardinal vein;False;True;True
cardinale_posterieure;114;263.3;507.6;513.9;199.5;550.2;-58.0;-33.0;postcardinal vein;False;True;True
cardinale_posterieure;115;268.9;511.0;515.1;200.7;549.2;-62.0;-31.0;postcardinal vein;False;True;True
cardinale_posterieure;116;269.0;514.4;514.2;201.9;548.3;-61.0;-31.0;postcardinal vein;False;True;True
cardinale_posterieure;117;264.7;517.7;513.1;203.1;547.2;-56.0;-31.0;postcardinal vein;False;True;True
cardinale_posterieure;118;271.2;521.0;509.8;204.1;546.1;-61.0;-33.0;postcardinal vein;False;True;True
cardinale_posterieure;119;268.8;524.4;511.8;205.0;544.8;-58.0;-30.0;postcardinal vein;False;True;True
cardinale_posterieure;120;265.0;527.8;508.2;205.6;543.4;-54.0;-32.0;postcardinal vein;False;True;True
cardinale_posterieure;121;264.0;531.1;505.6;205.7;541.9;-53.0;-33.0;postcardinal vein;False;True;True
cardinale_posterieure;122;263.6;534.4;509.4;205.3;540.2;-53.0;-28.0;postcardinal vein;False;True;True
cardinale_posterieure;127;256.4;553.4;500.3;204.7;528.9;-47.0;-26.0;postcardinal vein;False;True;True
cardinale_posterieure;128;258.6;553.6;500.8;203.6;523.9;-50.0;-21.0;postcardinal vein;False;True;True
cardinale_posterieure;129;257.5;553.7;489.2;202.5;518.9;-50.0;-27.0;postcardinal vein;False;True;True
cardinale_posterieure;130;257.5;553.9;488.6;201.4;513.9;-51.0;-23.0;postcardinal vein;False;True;True
cardinale_posterieure;131;257.7;557.1;480.4;201.6;511.2;-51.0;-28.0;postcardinal vein;False;True;True
cardinale_posterieure;132;253.5;562.0;479.7;202.9;510.5;-46.0;-28.0;postcardinal vein;False;True;True
cardinale_posterieure;133;254.1;566.8;476.4;204.6;509.4;-45.0;-30.0;postcardinal vein;False;True;True
cardinale_posterieure;134;256.4;571.4;476.7;205.8;507.5;-46.0;-28.0;postcardinal vein;False;True;True
cardinale_posterieure;135;261.4;573.2;472.2;207.5;503.0;-49.0;-28.0;postcardinal vein;False;True;True
cardinale_posterieure;136;259.5;575.6;466.1;208.7;498.7;-46.2;-29.6;postcardinal vein;False;True;True
cardinale_posterieure;137;259.4;579.2;471.8;209.5;495.2;-45.4;-21.2;postcardinal vein;False;True;True
cardinale_posterieure;138;260.0;583.6;460.8;209.9;492.5;-45.6;-28.8;postcardinal vein;False;True;True
cardinale_posterieure;139;257.0;588.4;464.0;209.9;490.9;-42.8;-24.4;postcardinal vein;False;True;True
cardinale_posterieure;141;260.2;598.0;468.4;208.5;492.6;-47.0;-22.0;postcardinal vein;False;True;True
cardinale_posterieure;142;257.7;600.8;475.3;207.1;496.7;-46.0;-19.5;postcardinal vein;False;True;True
cardinale_posterieure;143;256.3;601.1;475.0;205.7;501.4;-46.0;-24.0;postcardinal vein;False;True;True
cardinale_posterieure;144;257.6;597.6;476.3;204.8;504.9;-48.0;-26.0;postcardinal vein;False;True;True
cardinale_posterieure;145;256.1;593.1;474.4;204.4;507.4;-47.0;-30.0;postcardinal vein;False;True;True
cardinale_posterieure;146;258.1;588.3;480.6;204.2;509.2;-49.0;-26.0;postcardinal vein;False;True;True
cardinale_posterieure;147;161.2;583.4;472.2;204.1;510.7;39.0;-35.0;postcardinal vein;False;True;True
cardinale_posterieure;148;160.2;578.4;472.0;204.2;511.6;40.0;-36.0;postcardinal vein;False;True;True
cardinale_posterieure;149;160.8;573.3;475.0;204.3;512.4;39.5;-34.0;postcardinal vein;False;True;True
cardinale_posterieure;151;156.0;563.1;476.3;204.4;513.7;44.0;-34.0;postcardinal vein;False;True;True
cardinale_posterieure;152;159.7;558.2;478.6;204.1;515.3;40.4;-33.4;postcardinal vein;False;True;True
cardinale_posterieure;153;154.4;553.5;479.0;203.8;517.2;44.9;-34.8;postcardinal vein;False;True;True
cardinale_posterieure;154;155.7;549.0;482.0;203.3;519.6;43.3;-34.2;postcardinal vein;False;True;True
cardinale_posterieure;155;154.6;544.5;486.3;202.8;522.1;43.8;-32.6;postcardinal vein;False;True;True
cardinale_posterieure;156;249.4;540.0;490.6;202.3;524.6;-42.8;-30.9;postcardinal vein;False;True;True
cardinale_posterieure;157;152.6;535.6;490.5;201.8;527.1;44.7;-33.3;postcardinal vein;False;True;True
cardinale_posterieure;158;156.1;531.1;493.7;201.3;529.6;41.1;-32.7;postcardinal vein;False;True;True
cardinale_posterieure;159;251.9;526.6;504.5;200.8;532.1;-46.4;-25.1;postcardinal vein;False;True;True
cardinale_posterieure;159;244.2;526.6;535.3;200.8;532.1;-39.4;2.9;postcardinal vein;False;True;True
cardinale_posterieure;160;248.8;522.1;508.7;200.4;534.5;-44.0;-23.5;postcardinal vein;False;True;True
cardinale_posterieure;162;253.4;513.2;512.8;199.4;539.5;-49.1;-24.3;postcardinal vein;False;True;True
cardinale_posterieure;170;243.4;477.1;530.2;195.0;558.8;-44.0;-26.0;postcardinal vein;False;True;True
cardinale_posterieure;172;246.5;468.2;588.7;193.9;563.7;-47.8;22.7;postcardinal vein;False;True;True
cardinale_posterieure;173;142.9;463.7;609.7;193.3;566.2;45.8;39.5;postcardinal vein;False;True;True
cardinale_posterieure;174;247.4;459.3;647.3;192.7;568.9;-49.7;71.3;postcardinal vein;False;True;True
cardinale_posterieure;175;245.1;455.0;675.2;192.1;571.5;-48.1;94.2;postcardinal vein;False;True;True
cardinale_posterieure;176;243.8;450.7;701.9;191.6;574.3;-47.5;116.0;postcardinal vein;False;True;True
cardinale_posterieure;177;247.1;446.5;705.9;191.0;577.2;-51.0;117.0;postcardinal vein;False;True;True
ombilicale_gauche;120;137.4;527.8;423.5;205.6;543.4;62.0;-109.0;left umbilical vein;False;True;True
ombilicale_gauche;121;134.2;531.1;418.7;205.7;541.9;65.0;-112.0;left umbilical vein;False;True;True
ombilicale_gauche;126;139.9;548.9;406.9;203.7;531.2;58.0;-113.0;left umbilical vein;False;True;True
ombilicale_gauche;127;137.6;553.4;405.7;204.7;528.9;61.0;-112.0;left umbilical vein;False;True;True
ombilicale_gauche;128;138.7;553.6;399.6;203.6;523.9;59.0;-113.0;left umbilical vein;False;True;True
ombilicale_gauche;138;147.8;583.6;353.0;209.9;492.5;56.4;-126.8;left umbilical vein;False;True;True
ombilicale_gauche;139;151.4;588.4;349.6;209.9;490.9;53.2;-128.4;left umbilical vein;False;True;True
ombilicale_gauche;140;149.0;593.3;347.8;209.5;490.8;55.0;-130.0;left umbilical vein;False;True;True
ombilicale_gauche;152;144.3;558.2;380.7;204.1;515.3;54.4;-122.4;left umbilical vein;False;True;True
ombilicale_gauche;153;148.9;553.5;382.2;203.8;517.2;49.9;-122.8;left umbilical vein;False;True;True
ombilicale_gauche;154;149.1;549.0;384.1;203.3;519.6;49.3;-123.2;left umbilical vein;False;True;True
ombilicale_gauche;156;149.3;540.0;394.9;202.3;524.6;48.2;-117.9;left umbilical vein;False;True;True
ombilicale_gauche;157;151.5;535.6;400.3;201.8;527.1;45.7;-115.3;left umbilical vein;False;True;True
ombilicale_gauche;158;148.4;531.1;403.5;201.3;529.6;48.1;-114.7;left umbilical vein;False;True;True
ombilicale_gauche;159;157.3;526.6;409.9;200.8;532.1;39.6;-111.1;left umbilical vein;False;True;True
ombilicale_gauche;160;147.6;522.1;411.9;200.4;534.5;48.0;-111.5;left umbilical vein;False;True;True
ombilicale_gauche;162;217.1;513.2;383.0;199.4;539.5;-16.1;-142.3;left umbilical vein;False;True;True
ombilicale_gauche;163;149.0;508.7;421.3;198.8;542.0;45.3;-109.7;left umbilical vein;False;True;True
ombilicale_gauche;164;150.1;504.2;423.3;198.3;544.5;43.8;-110.1;left umbilical vein;False;True;True
ombilicale_gauche;165;153.5;499.8;432.1;197.8;546.9;40.2;-104.4;left umbilical vein;False;True;True
ombilicale_gauche;168;152.6;486.2;435.7;196.1;554.1;39.6;-107.6;left umbilical vein;False;True;True
ombilicale_gauche;169;148.3;481.7;439.9;195.6;556.5;43.0;-106.0;left umbilical vein;False;True;True
ombilicale_gauche;170;138.9;477.1;441.1;195.0;558.8;51.0;-107.0;left umbilical vein;False;True;True
ombilicale_gauche;179;141.4;438.3;775.8;189.8;583.3;44.0;175.0;left umbilical vein;False;False;False
ombilicale_gauche;180;145.3;434.4;772.5;189.3;586.6;40.0;169.0;left umbilical vein;False;False;False
ombilicale_gauche;180;129.7;434.4;713.0;189.3;586.6;54.1;114.9;left umbilical vein;False;True;True
ombilicale_gauche;180;116.7;434.4;729.5;189.3;586.6;66.0;129.9;left umbilical vein;False;False;False
ombilicale_gauche;181;142.5;430.5;781.3;188.7;589.9;42.0;174.0;left umbilical vein;False;False;False
ombilicale_gauche;181;123.8;430.5;737.3;188.7;589.9;59.0;134.0;left umbilical vein;False;False;False
ombilicale_gauche;182;143.1;426.7;779.3;188.2;593.4;41.0;169.0;left umbilical vein;False;False;False
ombilicale_gauche;182;121.3;426.7;745.2;188.2;593.4;60.9;138.0;left umbilical vein;False;False;False
ombilicale_gauche;183;139.4;423.1;777.4;187.8;597.0;44.0;164.0;left umbilical vein;False;False;False
ombilicale_gauche;183;121.8;423.1;745.5;187.8;597.0;60.0;135.0;left umbilical vein;False;False;False
ombilicale_gauche;184;137.8;419.5;786.3;187.3;600.7;45.0;168.8;left umbilical vein;False;False;False
ombilicale_gauche;184;121.3;419.5;754.7;187.3;600.7;60.0;140.0;left umbilical vein;False;False;False
ombilicale_gauche;185;148.4;416.1;793.6;186.9;604.4;35.0;172.0;left umbilical vein;False;False;False
ombilicale_gauche;185;123.1;416.1;765.0;186.9;604.4;58.0;146.0;left umbilical vein;False;False;False
ombilicale_gauche;186;129.9;412.8;778.3;186.6;608.4;51.5;154.5;left umbilical vein;False;False;False
ombilicale_gauche;187;138.9;409.5;788.3;186.2;612.3;43.0;160.0;left umbilical vein;False;False;False
ombilicale_gauche;188;137.7;407.9;788.2;186.1;614.4;44.0;158.0;left umbilical vein;True;False;False
ombilicale_droite;122;290.0;534.4;431.3;205.3;540.2;-77.0;-99.0;right umbilical vein;False;True;True
ombilicale_droite;123;295.8;537.5;430.5;204.5;538.3;-83.0;-98.0;right umbilical vein;False;True;True
ombilicale_droite;124;298.8;540.1;425.1;203.1;536.2;-87.0;-101.0;right umbilical vein;False;True;True
ombilicale_droite;125;298.5;544.4;427.9;202.8;533.5;-87.0;-96.0;right umbilical vein;False;True;True
ombilicale_droite;126;307.1;548.9;427.8;203.7;531.2;-94.0;-94.0;right umbilical vein;False;True;True
ombilicale_droite;127;305.9;553.4;423.3;204.7;528.9;-92.0;-96.0;right umbilical vein (involuting);False;True;True
ombilicale_droite;128;305.9;553.6;415.0;203.6;523.9;-93.0;-99.0;right umbilical vein (involuting);False;True;True
ombilicale_droite;128;266.3;553.6;420.5;203.6;523.9;-57.0;-94.0;right umbilical vein (involuting);False;True;True
ombilicale_droite;129;304.8;553.7;411.1;202.5;518.9;-93.0;-98.0;right umbilical vein;False;True;True
ombilicale_droite;130;304.8;553.9;403.9;201.4;513.9;-94.0;-100.0;right umbilical vein;False;True;True
ombilicale_droite;131;301.7;557.1;399.0;201.6;511.2;-91.0;-102.0;right umbilical vein;False;True;True
ombilicale_droite;152;266.4;558.2;387.3;204.1;515.3;-56.6;-116.4;right umbilical vein;False;True;True
ombilicale_droite;153;265.5;553.5;387.7;203.8;517.2;-56.1;-117.8;right umbilical vein;False;True;True
ombilicale_droite;154;265.7;549.0;396.2;203.3;519.6;-56.7;-112.2;right umbilical vein;False;True;True
ombilicale_droite;156;264.8;540.0;401.5;202.3;524.6;-56.8;-111.9;right umbilical vein;False;True;True
ombilicale_droite;157;217.5;535.6;285.9;201.8;527.1;-14.3;-219.3;right umbilical vein;False;True;True
ombilicale_droite;160;317.0;522.1;389.9;200.4;534.5;-106.0;-131.5;right umbilical vein;False;True;True
ombilicale_droite;162;211.6;513.2;432.5;199.4;539.5;-11.1;-97.3;right umbilical vein;False;True;True
ombilicale_droite;165;322.4;499.8;437.6;197.8;546.9;-113.3;-99.4;right umbilical vein;False;True;True
ombilicale_droite;174;320.0;459.3;571.9;192.7;568.9;-115.7;2.8;right umbilical vein;False;True;True
ombilicale_droite;175;322.1;455.0;602.0;192.1;571.5;-118.1;27.7;right umbilical vein;False;True;True
ombilicale_droite;179;265.7;438.3;776.9;189.8;583.3;-69.0;176.0;right umbilical vein;False;False;False
ombilicale_droite;180;267.4;434.4;776.9;189.3;586.6;-71.0;173.0;right umbilical vein;False;False;False
ombilicale_droite;181;266.8;430.5;775.8;188.7;589.9;-71.0;169.0;right umbilical vein;False;False;False
ombilicale_droite;182;268.5;426.7;785.9;188.2;593.4;-73.0;175.0;right umbilical vein;False;False;False
ombilicale_droite;183;268.1;423.1;792.8;187.8;597.0;-73.0;178.0;right umbilical vein;False;False;False
ombilicale_droite;184;268.7;419.5;793.2;187.3;600.7;-74.0;175.0;right umbilical vein;False;False;False
ombilicale_droite;185;268.3;416.1;799.1;186.9;604.4;-74.0;177.0;right umbilical vein;False;False;False
ombilicale_droite;186;267.4;412.8;800.3;186.6;608.4;-73.5;174.5;right umbilical vein;False;False;False
ombilicale_droite;187;265.4;409.5;804.8;186.2;612.3;-72.0;175.0;right umbilical vein;False;False;False
ombilicale_droite;188;267.5;407.9;805.8;186.1;614.4;-74.0;174.0;right umbilical vein;True;False;False
ombilicale_droite;193;268.6;407.9;787.1;186.1;614.4;-75.0;157.0;right umbilical vein;True;False;False
ombilicale_droite;194;332.4;407.9;801.4;186.1;614.4;-133.0;170.0;right umbilical vein;True;False;False
ombilicale_droite;195;266.4;407.9;776.1;186.1;614.4;-73.0;147.0;right umbilical vein;True;False;False
ombilicale_droite;196;270.7;407.9;760.8;186.1;614.4;-76.9;133.1;right umbilical vein;True;False;False
ombilicale_droite;197;268.3;407.9;745.4;186.1;614.4;-74.7;119.1;right umbilical vein;True;False;False
ombilicale_commune;154;135.9;549.0;218.0;203.3;519.6;61.3;-274.2;common umbilical vein;False;True;True
ombilicale_commune;155;133.7;544.5;216.8;202.8;522.1;62.8;-277.6;common umbilical vein;False;True;True
ombilicale_commune;156;150.4;540.0;224.4;202.3;524.6;47.2;-272.9;common umbilical vein;False;True;True
ombilicale_commune;157;157.0;535.6;232.0;201.8;527.1;40.7;-268.3;common umbilical vein;False;True;True
ombilicale_commune;158;159.4;531.1;238.5;201.3;529.6;38.1;-264.7;common umbilical vein;False;True;True
ombilicale_commune;159;145.2;526.6;251.5;200.8;532.1;50.6;-255.1;common umbilical vein;False;True;True
ombilicale_commune;160;163.0;522.1;251.3;200.4;534.5;34.0;-257.5;common umbilical vein;False;True;True
ombilicale_commune;162;176.4;513.2;269.7;199.4;539.5;20.9;-245.3;common umbilical vein;False;True;True
vitelline_gauche;150;185.6;568.2;391.0;204.3;513.1;17.0;-111.0;left vitelline (omphalomesenteric) vein;False;True;True
vitelline_gauche;152;180.6;558.2;396.1;204.1;515.3;21.4;-108.4;left vitelline (omphalomesenteric) vein;False;True;True
vitelline_gauche;153;178.6;553.5;396.5;203.8;517.2;22.9;-109.8;left vitelline (omphalomesenteric) vein;False;True;True
vitelline_gauche;154;178.8;549.0;397.3;203.3;519.6;22.3;-111.2;left vitelline (omphalomesenteric) vein;False;True;True
vitelline_gauche;155;272.3;544.5;331.2;202.8;522.1;-63.2;-173.6;left vitelline (omphalomesenteric) vein;False;True;True
vitelline_gauche;156;268.1;540.0;334.4;202.3;524.6;-59.8;-172.9;left vitelline (omphalomesenteric) vein;False;True;True
vitelline_gauche;156;184.5;540.0;393.8;202.3;524.6;16.2;-118.9;left vitelline (omphalomesenteric) vein;False;True;True
vitelline_gauche;157;184.1;535.6;398.5;201.8;527.1;16.1;-116.9;left vitelline (omphalomesenteric) vein;False;True;True
vitelline_gauche;158;184.7;531.1;404.6;201.3;529.6;15.1;-113.7;left vitelline (omphalomesenteric) vein;False;True;True
vitelline_gauche;161;198.3;517.6;390.8;199.9;537.0;1.4;-132.9;left vitelline (omphalomesenteric) vein;False;True;True
vitelline_gauche;162;152.2;513.2;422.6;199.4;539.5;42.9;-106.3;left vitelline (omphalomesenteric) vein;False;True;True
vitelline_droite;163;249.1;508.7;398.2;198.8;542.0;-45.7;-130.7;right vitelline (omphalomesenteric) vein;False;True;True
vitelline_droite;163;210.6;508.7;420.2;198.8;542.0;-10.7;-110.7;right vitelline (omphalomesenteric) vein;False;True;True
vitelline_droite;164;252.4;504.2;398.0;198.3;544.5;-49.2;-133.1;right vitelline (omphalomesenteric) vein;False;True;True
vitelline;151;231.9;563.1;403.7;204.4;513.7;-25.0;-100.0;vitelline (omphalomesenteric) vein;False;True;True
vitelline;159;187.0;526.6;400.0;200.8;532.1;12.6;-120.1;vitelline (omphalomesenteric) vein;False;True;True
subcardinale;156;235.1;540.0;489.5;202.3;524.6;-29.8;-31.9;subcardinal vein;False;True;True
subcardinale;157;166.9;535.6;489.4;201.8;527.1;31.7;-34.3;subcardinal vein;False;True;True
subcardinale;158;169.3;531.1;491.5;201.3;529.6;29.1;-34.7;subcardinal vein;False;True;True
subcardinale;159;168.3;526.6;494.6;200.8;532.1;29.6;-34.1;subcardinal vein;False;True;True
subcardinale;174;228.7;459.3;633.0;192.7;568.9;-32.7;58.3;subcardinal vein;False;True;True
subcardinale;175;230.8;455.0;663.1;192.1;571.5;-35.1;83.2;subcardinal vein;False;True;True
subcardinale;176;230.6;450.7;689.8;191.6;574.3;-35.5;105.0;subcardinal vein;False;True;True
subcardinale;177;233.9;446.5;693.8;191.0;577.2;-39.0;106.0;subcardinal vein;False;True;True
hepatocardiaque;123;271.6;537.5;467.9;204.5;538.3;-61.0;-64.0;hepatocardiac vein;False;True;True
hepatocardiaque;124;273.5;540.1;461.4;203.1;536.2;-64.0;-68.0;hepatocardiac vein;False;True;True
hepatocardiaque;125;271.0;544.4;458.7;202.8;533.5;-62.0;-68.0;hepatocardiac vein;False;True;True
hepatocardiaque;125;168.7;544.4;435.6;202.8;533.5;31.0;-89.0;hepatocardiac vein;False;True;True
hepatocardiaque;126;277.4;548.9;461.9;203.7;531.2;-67.0;-63.0;hepatocardiac vein;False;True;True
hepatocardiaque;126;171.8;548.9;435.5;203.7;531.2;29.0;-87.0;hepatocardiac vein;False;True;True
hepatocardiaque;127;280.6;553.4;455.2;204.7;528.9;-69.0;-67.0;hepatocardiac vein;False;True;True
hepatocardiaque;127;172.8;553.4;439.8;204.7;528.9;29.0;-81.0;hepatocardiac vein;False;True;True
hepatocardiaque;128;277.3;553.6;449.1;203.6;523.9;-67.0;-68.0;hepatocardiac vein;False;True;True
hepatocardiaque;129;274.0;553.7;443.0;202.5;518.9;-65.0;-69.0;hepatocardiac vein;False;True;True
hepatocardiaque;136;170.4;575.6;404.5;208.7;498.7;34.8;-85.6;hepatocardiac vein;False;True;True
hepatocardiaque;137;172.5;579.2;401.4;209.5;495.2;33.6;-85.2;hepatocardiac vein;False;True;True
hepatocardiaque;138;169.8;583.6;391.5;209.9;492.5;36.4;-91.8;hepatocardiac vein;False;True;True
hepatocardiaque;139;173.4;588.4;387.0;209.9;490.9;33.2;-94.4;hepatocardiac vein;False;True;True
hepatocardiaque;140;274.4;593.3;401.7;209.5;490.8;-59.0;-81.0;right hepatocardiac vein;False;True;True
hepatocardiaque;140;168.8;593.3;388.5;209.5;490.8;37.0;-93.0;left hepatocardiac vein;False;True;True
hepatocardiaque;141;259.1;598.0;389.2;208.5;492.6;-46.0;-94.0;right hepatocardiac vein;False;True;True
hepatocardiaque;141;182.1;598.0;383.7;208.5;492.6;24.0;-99.0;left hepatocardiac vein;False;True;True
hepatocardiaque;142;257.7;600.8;396.1;207.1;496.7;-46.0;-91.5;right hepatocardiac vein;False;True;True
hepatocardiaque;142;187.3;600.8;387.3;207.1;496.7;18.0;-99.5;left hepatocardiac vein;False;True;True
hepatocardiaque;143;256.3;601.1;399.1;205.7;501.4;-46.0;-93.0;right hepatocardiac vein;False;True;True
hepatocardiaque;143;179.3;601.1;393.6;205.7;501.4;24.0;-98.0;left hepatocardiac vein;False;True;True
hepatocardiaque;144;257.6;597.6;404.8;204.8;504.9;-48.0;-91.0;right hepatocardiac vein;False;True;True
hepatocardiaque;144;190.5;597.6;394.9;204.8;504.9;13.0;-100.0;left hepatocardiac vein;False;True;True
jonction_pre_postcardinale;96;126.6;444.1;497.2;182.9;566.3;51.2;-62.8;junction of postcardinal and precardinal veins;False;True;True
jonction_pre_postcardinale;97;125.8;450.1;494.2;183.5;566.3;52.5;-65.5;junction of postcardinal and precardinal veins;False;True;True
jonction_pre_postcardinale;98;122.6;453.8;495.6;184.0;566.2;55.8;-64.2;junction of postcardinal and precardinal veins;False;True;True
sinus_venosus_jonctions;115;272.2;511.0;435.9;200.7;549.2;-65.0;-103.0;junction of right hepatocardiac vein and sinus venosus;False;True;True
sinus_venosus_jonctions;115;160.0;511.0;427.1;200.7;549.2;37.0;-111.0;junction of left common cardinal and left umbilical veins with left sinus horn;False;True;True
sinus_venosus_jonctions;117;203.1;517.7;403.1;203.1;547.2;0.0;-131.0;junction of left common cardinal vein and sinus venosus;False;True;True
sinus_venosus_jonctions;118;206.3;521.0;396.5;204.1;546.1;-2.0;-136.0;junction of left common cardinal vein and sinus venosus;False;True;True
