point;pair;region;fiable;stade;ans_depuis_conception;x_mm;y_mm;z_mm
A;0;F;1;A;0.416;-32.0;-20.0;0.0
A;0;F;1;B;0.586;-46.0;-26.0;0.0
A;0;F;1;C;0.756;-50.0;-28.0;0.0
A;0;F;1;D1;1.456;-55.0;-32.0;0.0
A;0;F;1;D2;2.756;-61.0;-38.0;0.0
A;0;F;1;E;4.756;-66.0;-46.0;0.0
A;0;F;1;F;9.256;-71.0;-53.0;0.0
A;0;F;1;G;14.756;-72.0;-55.0;0.0
A;0;F;1;Ad;30.756;-74.0;-71.0;0.0
ac;0;U;1;A;0.416;0.0;46.0;0.0
ac;0;U;1;B;0.586;0.0;68.0;0.0
ac;0;U;1;C;0.756;0.0;76.0;0.0
ac;0;U;1;D1;1.456;0.0;88.0;0.0
ac;0;U;1;D2;2.756;0.0;98.0;0.0
ac;0;U;1;E;4.756;0.0;104.0;0.0
ac;0;U;1;F;9.256;0.0;106.0;0.0
ac;0;U;1;G;14.756;0.0;106.0;0.0
ac;0;U;1;Ad;30.756;0.0;105.0;0.0
ae;1;F;1;A;0.416;-11.0;-12.0;11.0
ae;1;F;1;B;0.586;-18.0;-15.0;16.0
ae;1;F;1;C;0.756;-19.0;-15.5;17.0
ae;1;F;1;D1;1.456;-21.0;-19.0;20.0
ae;1;F;1;D2;2.756;-22.0;-23.0;22.0
ae;1;F;1;E;4.756;-23.0;-26.0;24.0
ae;1;F;1;F;9.256;-23.5;-34.0;25.0
ae;1;F;1;G;14.756;-23.0;-40.0;26.0
ae;1;F;1;Ad;30.756;-22.0;-42.0;27.0
ai;1;F;1;A;0.416;-12.0;-14.0;8.0
ai;1;F;1;B;0.586;-20.0;-17.0;9.0
ai;1;F;1;C;0.756;-22.0;-18.0;10.0
ai;1;F;1;D1;1.456;-25.0;-22.0;11.0
ai;1;F;1;D2;2.756;-27.0;-28.0;12.0
ai;1;F;1;E;4.756;-28.0;-32.0;13.0
ai;1;F;1;F;9.256;-27.5;-38.0;15.0
ai;1;F;1;G;14.756;-27.0;-42.0;15.5
ai;1;F;1;Ad;30.756;-26.0;-49.0;17.0
ant;0;U;1;A;0.416;-44.0;12.0;0.0
ant;0;U;1;B;0.586;-64.0;21.0;0.0
ant;0;U;1;C;0.756;-68.0;24.0;0.0
ant;0;U;1;D1;1.456;-77.0;28.0;0.0
ant;0;U;1;D2;2.756;-87.0;29.0;0.0
ant;0;U;1;E;4.756;-95.0;28.0;0.0
ant;0;U;1;F;9.256;-99.0;26.0;0.0
ant;0;U;1;G;14.756;-100.0;25.0;0.0
ant;0;U;1;Ad;30.756;-105.0;16.0;0.0
ast;1;U;1;A;0.416;10.0;10.0;20.0
ast;1;U;1;B;0.586;14.0;11.0;28.0
ast;1;U;1;C;0.756;20.0;12.0;35.0
ast;1;U;1;D1;1.456;24.0;14.0;40.0
ast;1;U;1;D2;2.756;27.0;16.0;45.0
ast;1;U;1;E;4.756;30.0;17.0;48.0
ast;1;U;1;F;9.256;33.0;17.5;51.0
ast;1;U;1;G;14.756;35.0;18.0;52.0
ast;1;U;1;Ad;30.756;39.0;19.0;56.0
asti;1;U;0;A;0.416;10.0;10.0;20.0
asti;1;U;0;B;0.586;14.0;11.0;29.0
asti;1;U;0;C;0.756;16.0;12.0;32.0
asti;1;U;0;D1;1.456;20.0;13.0;40.0
asti;1;U;0;D2;2.756;24.0;14.0;43.0
asti;1;U;0;E;4.756;26.0;15.5;48.0
asti;1;U;0;F;9.256;30.0;17.0;51.0
asti;1;U;0;G;14.756;32.0;18.0;52.5
asti;1;U;0;Ad;30.756;36.0;18.5;54.0
B;0;M;1;A;0.416;-27.0;-25.0;0.0
B;0;M;1;B;0.586;-39.0;-37.0;0.0
B;0;M;1;C;0.756;-41.0;-41.0;0.0
B;0;M;1;D1;1.456;-43.0;-47.0;0.0
B;0;M;1;D2;2.756;-47.0;-57.0;0.0
B;0;M;1;E;4.756;-51.0;-68.0;0.0
B;0;M;1;F;9.256;-54.0;-81.0;0.0
B;0;M;1;G;14.756;-55.0;-85.0;0.0
B;0;M;1;Ad;30.756;-57.0;-100.0;0.0
ba;0;B;1;A;0.416;2.0;-5.5;0.0
ba;0;B;1;B;0.586;1.5;-7.5;0.0
ba;0;B;1;C;0.756;1.0;-9.0;0.0
ba;0;B;1;D1;1.456;1.0;-10.5;0.0
ba;0;B;1;D2;2.756;1.0;-12.0;0.0
ba;0;B;1;E;4.756;1.0;-14.0;0.0
ba;0;B;1;F;9.256;1.0;-16.0;0.0
ba;0;B;1;G;14.756;2.0;-18.0;0.0
ba;0;B;1;Ad;30.756;3.0;-23.0;0.0
br;0;U;1;A;0.416;-29.0;37.0;0.0
br;0;U;1;B;0.586;-42.0;54.0;0.0
br;0;U;1;C;0.756;-47.0;58.0;0.0
br;0;U;1;D1;1.456;-52.0;69.0;0.0
br;0;U;1;D2;2.756;-56.0;81.0;0.0
br;0;U;1;E;4.756;-57.0;86.0;0.0
br;0;U;1;F;9.256;-57.0;87.0;0.0
br;0;U;1;G;14.756;-57.0;88.0;0.0
br;0;U;1;Ad;30.756;-57.0;89.0;0.0
bri;0;U;1;A;0.416;-29.0;37.0;0.0
bri;0;U;1;B;0.586;-42.0;54.0;0.0
bri;0;U;1;C;0.756;-47.0;58.0;0.0
bri;0;U;1;D1;1.456;-52.0;69.0;0.0
bri;0;U;1;D2;2.756;-56.0;81.0;0.0
bri;0;U;1;E;4.756;-56.0;83.0;0.0
bri;0;U;1;F;9.256;-56.0;84.0;0.0
bri;0;U;1;G;14.756;-56.0;85.0;0.0
bri;0;U;1;Ad;30.756;-56.0;84.0;0.0
car;1;B;1;A;0.416;-4.0;-5.0;9.5
car;1;B;1;B;0.586;-5.0;-7.0;13.0
car;1;B;1;C;0.756;-5.0;-9.0;15.0
car;1;B;1;D1;1.456;-5.0;-10.0;19.0
car;1;B;1;D2;2.756;-5.5;-11.0;21.0
car;1;B;1;E;4.756;-5.5;-12.0;22.0
car;1;B;1;F;9.256;-6.0;-13.0;24.0
car;1;B;1;G;14.756;-6.0;-14.0;26.0
car;1;B;1;Ad;30.756;-6.0;-15.0;31.0
ce;1;M;1;A;0.416;-9.5;-6.0;19.0
ce;1;M;1;B;0.586;-13.0;-6.0;26.0
ce;1;M;1;C;0.756;-13.5;-6.0;34.0
ce;1;M;1;D1;1.456;-13.5;-6.5;37.0
ce;1;M;1;D2;2.756;-14.0;-7.0;40.0
ce;1;M;1;E;4.756;-16.0;-7.5;42.0
ce;1;M;1;F;9.256;-17.0;-9.0;48.0
ce;1;M;1;G;14.756;-15.0;-10.0;52.0
ce;1;M;1;Ad;30.756;-15.0;-14.0;56.0
ci;1;M;1;A;0.416;-7.0;-5.5;14.0
ci;1;M;1;B;0.586;-10.0;-6.0;20.0
ci;1;M;1;C;0.756;-12.0;-8.0;24.5
ci;1;M;1;D1;1.456;-12.5;-9.0;28.0
ci;1;M;1;D2;2.756;-13.0;-10.0;29.0
ci;1;M;1;E;4.756;-13.5;-10.5;31.0
ci;1;M;1;F;9.256;-14.0;-12.0;34.0
ci;1;M;1;G;14.756;-13.0;-13.0;35.0
ci;1;M;1;Ad;30.756;-11.0;-17.0;36.0
cm;1;M;1;A;0.416;-7.0;-4.0;16.0
cm;1;M;1;B;0.586;-11.0;-5.0;23.0
cm;1;M;1;C;0.756;-12.0;-6.0;29.0
cm;1;M;1;D1;1.456;-12.2;-6.2;33.0
cm;1;M;1;D2;2.756;-12.5;-6.5;37.0
cm;1;M;1;E;4.756;-13.0;-7.0;39.0
cm;1;M;1;F;9.256;-13.5;-8.0;43.0
cm;1;M;1;G;14.756;-13.0;-10.0;46.0
cm;1;M;1;Ad;30.756;-12.0;-13.5;50.0
coe;1;B;1;A;0.416;6.0;-2.0;10.0
coe;1;B;1;B;0.586;7.0;-3.0;11.5
coe;1;B;1;C;0.756;8.5;-4.0;13.0
coe;1;B;1;D1;1.456;11.0;-5.0;15.5
coe;1;B;1;D2;2.756;14.0;-8.0;18.0
coe;1;B;1;E;4.756;17.0;-10.0;18.5
coe;1;B;1;F;9.256;19.0;-13.0;19.0
coe;1;B;1;G;14.756;22.0;-15.0;19.5
coe;1;B;1;Ad;30.756;23.0;-19.0;21.0
coi;1;B;1;A;0.416;5.0;-5.0;5.0
coi;1;B;1;B;0.586;5.0;-7.0;7.0
coi;1;B;1;C;0.756;6.0;-9.0;8.0
coi;1;B;1;D1;1.456;6.5;-12.0;9.0
coi;1;B;1;D2;2.756;7.0;-14.0;10.0
coi;1;B;1;E;4.756;9.0;-16.0;10.5
coi;1;B;1;F;9.256;11.0;-22.0;11.0
coi;1;B;1;G;14.756;12.0;-24.0;12.0
coi;1;B;1;Ad;30.756;15.0;-29.0;13.0
cor;1;M;1;A;0.416;-17.0;-8.0;17.0
cor;1;M;1;B;0.586;-25.0;-9.0;25.0
cor;1;M;1;C;0.756;-28.0;-10.5;30.0
cor;1;M;1;D1;1.456;-30.0;-11.0;32.0
cor;1;M;1;D2;2.756;-32.0;-12.5;34.0
cor;1;M;1;E;4.756;-35.0;-14.0;37.0
cor;1;M;1;F;9.256;-37.5;-18.0;39.0
cor;1;M;1;G;14.756;-41.0;-22.0;40.0
cor;1;M;1;Ad;30.756;-43.5;-29.0;41.0
cpp;1;F;1;A;0.416;-19.0;-14.0;8.0
cpp;1;F;1;B;0.586;-27.0;-17.0;10.0
cpp;1;F;1;C;0.756;-28.0;-18.0;10.5
cpp;1;F;1;D1;1.456;-32.0;-22.0;13.0
cpp;1;F;1;D2;2.756;-35.0;-27.0;14.0
cpp;1;F;1;E;4.756;-35.0;-32.0;16.0
cpp;1;F;1;F;9.256;-35.0;-38.0;17.0
cpp;1;F;1;G;14.756;-36.0;-40.0;17.0
cpp;1;F;1;Ad;30.756;-37.0;-49.0;17.0
cra;0;B;1;A;0.416;-34.0;-4.5;0.0
cra;0;B;1;B;0.586;-50.0;-4.0;0.0
cra;0;B;1;C;0.756;-51.0;-4.0;0.0
cra;0;B;1;D1;1.456;-59.0;-4.0;0.0
cra;0;B;1;D2;2.756;-65.0;-5.0;0.0
cra;0;B;1;E;4.756;-71.0;-7.0;0.0
cra;0;B;1;F;9.256;-73.0;-8.0;0.0
cra;0;B;1;G;14.756;-74.0;-9.0;0.0
cra;0;B;1;Ad;30.756;-79.0;-13.0;0.0
crp;0;B;1;A;0.416;-25.0;-2.0;0.0
crp;0;B;1;B;0.586;-35.0;-1.5;0.0
crp;0;B;1;C;0.756;-36.0;-0.5;0.0
crp;0;B;1;D1;1.456;-42.0;-1.0;0.0
crp;0;B;1;D2;2.756;-46.0;-1.0;0.0
crp;0;B;1;E;4.756;-48.0;-2.0;0.0
crp;0;B;1;F;9.256;-52.0;-2.0;0.0
crp;0;B;1;G;14.756;-54.0;-2.0;0.0
crp;0;B;1;Ad;30.756;-57.0;-8.0;0.0
ei;0;U;1;A;0.416;24.0;13.0;0.0
ei;0;U;1;B;0.586;34.0;17.5;0.0
ei;0;U;1;C;0.756;41.0;21.0;0.0
ei;0;U;1;D1;1.456;48.0;23.0;0.0
ei;0;U;1;D2;2.756;55.0;22.0;0.0
ei;0;U;1;E;4.756;56.0;22.0;0.0
ei;0;U;1;F;9.256;57.0;21.0;0.0
ei;0;U;1;G;14.756;58.0;20.0;0.0
ei;0;U;1;Ad;30.756;64.0;16.0;0.0
ena;0;F;1;A;0.416;-34.0;-18.0;0.0
ena;0;F;1;B;0.586;-47.0;-23.0;0.0
ena;0;F;1;C;0.756;-52.0;-25.0;0.0
ena;0;F;1;D1;1.456;-58.0;-28.0;0.0
ena;0;F;1;D2;2.756;-65.0;-35.0;0.0
ena;0;F;1;E;4.756;-70.0;-41.0;0.0
ena;0;F;1;F;9.256;-74.0;-48.0;0.0
ena;0;F;1;G;14.756;-76.0;-51.0;0.0
ena;0;F;1;Ad;30.756;-79.0;-67.0;0.0
eu;1;U;1;A;0.416;-5.0;27.0;32.0
eu;1;U;1;B;0.586;-5.0;40.0;44.0
eu;1;U;1;C;0.756;-5.0;42.0;46.0
eu;1;U;1;D1;1.456;-5.0;49.0;55.0
eu;1;U;1;D2;2.756;-5.0;56.0;61.0
eu;1;U;1;E;4.756;-6.0;52.0;63.0
eu;1;U;1;F;9.256;-7.0;45.0;66.0
eu;1;U;1;G;14.756;-6.0;40.0;68.0
eu;1;U;1;Ad;30.756;-4.0;30.0;71.0
fsh;1;B;0;A;0.416;-18.0;-1.5;6.0
fsh;1;B;0;B;0.586;-22.0;-2.0;7.5
fsh;1;B;0;C;0.756;-25.0;-2.0;8.0
fsh;1;B;0;D1;1.456;-29.0;-2.5;9.5
fsh;1;B;0;D2;2.756;-34.0;-3.0;11.5
fsh;1;B;0;E;4.756;-35.0;-3.5;12.5
fsh;1;B;0;F;9.256;-36.5;-4.0;13.5
fsh;1;B;0;G;14.756;-38.0;-4.5;14.5
fsh;1;B;0;Ad;30.756;-38.5;-5.0;16.5
fzp;1;F;1;A;0.416;-12.0;-6.0;19.0
fzp;1;F;1;B;0.586;-18.0;-7.0;27.0
fzp;1;F;1;C;0.756;-20.0;-8.0;30.0
fzp;1;F;1;D1;1.456;-21.0;-8.5;33.0
fzp;1;F;1;D2;2.756;-22.5;-9.0;36.0
fzp;1;F;1;E;4.756;-23.0;-10.0;40.0
fzp;1;F;1;F;9.256;-24.0;-12.0;47.0
fzp;1;F;1;G;14.756;-24.5;-13.0;49.0
fzp;1;F;1;Ad;30.756;-25.0;-16.0;53.0
gl;0;U;1;A;0.416;-40.0;0.5;0.0
gl;0;U;1;B;0.586;-57.0;1.5;0.0
gl;0;U;1;C;0.756;-59.0;1.0;0.0
gl;0;U;1;D1;1.456;-67.0;1.0;0.0
gl;0;U;1;D2;2.756;-76.0;1.0;0.0
gl;0;U;1;E;4.756;-85.0;1.0;0.0
gl;0;U;1;F;9.256;-90.0;1.0;0.0
gl;0;U;1;G;14.756;-92.0;-1.0;0.0
gl;0;U;1;Ad;30.756;-100.0;-9.0;0.0
go;1;M;1;A;0.416;-8.0;-15.0;16.0
go;1;M;1;B;0.586;-13.0;-21.0;20.0
go;1;M;1;C;0.756;-13.0;-25.0;24.0
go;1;M;1;D1;1.456;-12.0;-30.0;28.0
go;1;M;1;D2;2.756;-10.0;-35.0;31.0
go;1;M;1;E;4.756;-8.0;-42.0;36.0
go;1;M;1;F;9.256;-3.0;-48.0;40.0
go;1;M;1;G;14.756;1.0;-54.0;43.0
go;1;M;1;Ad;30.756;5.0;-63.0;47.0
gr;1;B;1;A;0.416;-12.0;-3.0;8.0
gr;1;B;1;B;0.586;-17.0;-5.0;9.0
gr;1;B;1;C;0.756;-21.0;-7.0;11.0
gr;1;B;1;D1;1.456;-24.0;-7.5;13.0
gr;1;B;1;D2;2.756;-27.0;-8.0;14.0
gr;1;B;1;E;4.756;-29.0;-9.0;15.0
gr;1;B;1;F;9.256;-32.0;-10.0;16.0
gr;1;B;1;G;14.756;-33.0;-10.5;17.0
gr;1;B;1;Ad;30.756;-35.0;-11.0;19.0
hoi;0;B;1;A;0.416;-7.0;-1.0;0.0
hoi;0;B;1;B;0.586;-9.0;0.0;0.0
hoi;0;B;1;C;0.756;-9.5;1.0;0.0
hoi;0;B;1;D1;1.456;-10.5;0.5;0.0
hoi;0;B;1;D2;2.756;-11.0;0.0;0.0
hoi;0;B;1;E;4.756;-11.5;-0.5;0.0
hoi;0;B;1;F;9.256;-13.0;-1.0;0.0
hoi;0;B;1;G;14.756;-14.0;-2.0;0.0
hoi;0;B;1;Ad;30.756;-17.0;-6.0;0.0
hoe;0;B;1;A;0.416;-7.0;-5.0;0.0
hoe;0;B;1;B;0.586;-11.0;-6.0;0.0
hoe;0;B;1;C;0.756;-12.0;-7.0;0.0
hoe;0;B;1;D1;1.456;-13.5;-8.0;0.0
hoe;0;B;1;D2;2.756;-15.0;-8.0;0.0
hoe;0;B;1;E;4.756;-17.0;-9.0;0.0
hoe;0;B;1;F;9.256;-20.0;-13.0;0.0
hoe;0;B;1;G;14.756;-22.0;-15.0;0.0
hoe;0;B;1;Ad;30.756;-23.0;-17.0;0.0
I;0;U;1;A;0.416;25.0;13.0;0.0
I;0;U;1;B;0.586;37.0;18.0;0.0
I;0;U;1;C;0.756;43.0;22.0;0.0
I;0;U;1;D1;1.456;52.0;23.0;0.0
I;0;U;1;D2;2.756;59.0;24.0;0.0
I;0;U;1;E;4.756;62.0;24.0;0.0
I;0;U;1;F;9.256;63.5;23.0;0.0
I;0;U;1;G;14.756;64.5;22.0;0.0
I;0;U;1;Ad;30.756;72.0;17.0;0.0
id;0;M;1;A;0.416;-28.0;-23.0;0.0
id;0;M;1;B;0.586;-42.0;-34.0;0.0
id;0;M;1;C;0.756;-43.0;-35.0;0.0
id;0;M;1;D1;1.456;-46.0;-42.0;0.0
id;0;M;1;D2;2.756;-51.0;-52.0;0.0
id;0;M;1;E;4.756;-54.0;-63.0;0.0
id;0;M;1;F;9.256;-57.0;-75.0;0.0
id;0;M;1;G;14.756;-59.0;-78.0;0.0
id;0;M;1;Ad;30.756;-61.0;-94.0;0.0
J;1;B;1;A;0.416;2.0;-4.0;13.0
J;1;B;1;B;0.586;2.5;-5.5;18.0
J;1;B;1;C;0.756;3.0;-8.0;21.0
J;1;B;1;D1;1.456;3.5;-8.5;27.0
J;1;B;1;D2;2.756;4.0;-10.0;31.0
J;1;B;1;E;4.756;5.0;-13.0;34.0
J;1;B;1;F;9.256;6.0;-14.0;37.0
J;1;B;1;G;14.756;6.5;-16.0;39.0
J;1;B;1;Ad;30.756;7.0;-18.0;41.0
L;0;U;1;A;0.416;22.0;34.0;0.0
L;0;U;1;B;0.586;30.0;51.0;0.0
L;0;U;1;C;0.756;34.0;59.0;0.0
L;0;U;1;D1;1.456;40.0;67.0;0.0
L;0;U;1;D2;2.756;46.0;74.0;0.0
L;0;U;1;E;4.756;47.0;77.0;0.0
L;0;U;1;F;9.256;49.0;77.5;0.0
L;0;U;1;G;14.756;50.0;78.0;0.0
L;0;U;1;Ad;30.756;53.0;78.0;0.0
Li;0;U;1;A;0.416;22.0;34.0;0.0
Li;0;U;1;B;0.586;30.0;51.0;0.0
Li;0;U;1;C;0.756;34.0;59.0;0.0
Li;0;U;1;D1;1.456;39.0;65.0;0.0
Li;0;U;1;D2;2.756;45.0;70.0;0.0
Li;0;U;1;E;4.756;46.0;72.0;0.0
Li;0;U;1;F;9.256;47.5;73.0;0.0
Li;0;U;1;G;14.756;49.0;73.0;0.0
Li;0;U;1;Ad;30.756;53.0;71.0;0.0
mac;1;F;1;A;0.416;-16.0;-14.0;13.0
mac;1;F;1;B;0.586;-27.0;-17.0;16.5
mac;1;F;1;C;0.756;-29.0;-19.0;18.0
mac;1;F;1;D1;1.456;-32.0;-24.0;20.0
mac;1;F;1;D2;2.756;-35.0;-29.0;22.0
mac;1;F;1;E;4.756;-37.0;-35.0;24.5
mac;1;F;1;F;9.256;-39.0;-43.0;27.0
mac;1;F;1;G;14.756;-40.0;-46.0;29.0
mac;1;F;1;Ad;30.756;-41.0;-59.0;32.0
mas;1;B;1;A;0.416;4.0;-3.0;19.0
mas;1;B;1;B;0.586;6.0;-4.0;23.0
mas;1;B;1;C;0.756;8.0;-6.0;26.0
mas;1;B;1;D1;1.456;9.0;-7.5;33.0
mas;1;B;1;D2;2.756;10.0;-9.0;39.0
mas;1;B;1;E;4.756;11.0;-12.0;42.0
mas;1;B;1;F;9.256;11.5;-16.0;50.0
mas;1;B;1;G;14.756;12.0;-22.0;56.0
mas;1;B;1;Ad;30.756;12.5;-32.0;58.0
me;1;M;1;A;0.416;-3.5;-4.0;17.0
me;1;M;1;B;0.586;-4.0;-3.5;22.0
me;1;M;1;C;0.756;-4.5;-3.5;27.0
me;1;M;1;D1;1.456;-4.5;-3.0;29.0
me;1;M;1;D2;2.756;-5.0;-3.0;32.0
me;1;M;1;E;4.756;-5.0;-3.0;35.0
me;1;M;1;F;9.256;-5.5;-3.0;40.0
me;1;M;1;G;14.756;-6.0;-2.5;42.0
me;1;M;1;Ad;30.756;-8.0;-2.5;43.0
mf;0;U;1;A;0.416;-41.0;23.0;0.0
mf;0;U;1;B;0.586;-60.0;32.0;0.0
mf;0;U;1;C;0.756;-66.0;35.0;0.0
mf;0;U;1;D1;1.456;-74.0;41.0;0.0
mf;0;U;1;D2;2.756;-84.0;48.0;0.0
mf;0;U;1;E;4.756;-90.0;52.0;0.0
mf;0;U;1;F;9.256;-92.0;52.0;0.0
mf;0;U;1;G;14.756;-93.0;53.0;0.0
mf;0;U;1;Ad;30.756;-94.0;54.0;0.0
mi;1;F;1;A;0.416;-28.0;-21.0;5.0
mi;1;F;1;B;0.586;-41.0;-28.0;7.0
mi;1;F;1;C;0.756;-45.0;-31.0;8.0
mi;1;F;1;D1;1.456;-48.0;-35.0;9.0
mi;1;F;1;D2;2.756;-53.0;-40.0;10.0
mi;1;F;1;E;4.756;-57.0;-52.0;11.0
mi;1;F;1;F;9.256;-62.0;-60.0;12.0
mi;1;F;1;G;14.756;-63.0;-65.0;12.5
mi;1;F;1;Ad;30.756;-64.0;-76.0;14.0
mmi;1;F;1;A;0.416;-20.0;-15.0;19.0
mmi;1;F;1;B;0.586;-30.0;-18.0;23.0
mmi;1;F;1;C;0.756;-34.5;-21.0;27.0
mmi;1;F;1;D1;1.456;-39.0;-24.0;30.0
mmi;1;F;1;D2;2.756;-43.0;-29.0;33.0
mmi;1;F;1;E;4.756;-45.0;-32.0;35.0
mmi;1;F;1;F;9.256;-48.0;-36.0;37.0
mmi;1;F;1;G;14.756;-51.0;-41.0;38.0
mmi;1;F;1;Ad;30.756;-56.0;-51.0;40.0
na;0;F;1;A;0.416;-36.0;-4.0;0.0
na;0;F;1;B;0.586;-54.0;-4.0;0.0
na;0;F;1;C;0.756;-56.0;-4.0;0.0
na;0;F;1;D1;1.456;-64.0;-4.0;0.0
na;0;F;1;D2;2.756;-73.0;-6.0;0.0
na;0;F;1;E;4.756;-80.0;-6.0;0.0
na;0;F;1;F;9.256;-84.0;-11.0;0.0
na;0;F;1;G;14.756;-87.0;-11.0;0.0
na;0;F;1;Ad;30.756;-94.0;-16.0;0.0
nae;1;F;1;A;0.416;-32.0;-17.0;4.0
nae;1;F;1;B;0.586;-46.0;-20.0;5.0
nae;1;F;1;C;0.756;-50.0;-21.0;6.0
nae;1;F;1;D1;1.456;-55.0;-25.0;7.0
nae;1;F;1;D2;2.756;-63.0;-30.0;7.5
nae;1;F;1;E;4.756;-67.0;-35.0;8.0
nae;1;F;1;F;9.256;-70.0;-42.0;9.5
nae;1;F;1;G;14.756;-72.0;-44.0;11.0
nae;1;F;1;Ad;30.756;-74.0;-62.0;13.0
nm;1;F;1;A;0.416;-36.0;-12.0;2.5
nm;1;F;1;B;0.586;-52.0;-13.0;4.0
nm;1;F;1;C;0.756;-57.0;-14.0;4.5
nm;1;F;1;D1;1.456;-63.0;-17.0;5.0
nm;1;F;1;D2;2.756;-72.0;-19.0;5.0
nm;1;F;1;E;4.756;-78.0;-22.0;5.5
nm;1;F;1;F;9.256;-84.0;-29.0;6.0
nm;1;F;1;G;14.756;-85.0;-30.0;7.5
nm;1;F;1;Ad;30.756;-88.0;-46.0;9.0
os;1;F;1;A;0.416;-33.0;0.0;13.0
os;1;F;1;B;0.586;-48.0;2.5;16.0
os;1;F;1;C;0.756;-53.0;4.0;18.0
os;1;F;1;D1;1.456;-58.0;4.0;20.0
os;1;F;1;D2;2.756;-69.0;5.0;22.0
os;1;F;1;E;4.756;-72.0;3.0;25.0
os;1;F;1;F;9.256;-76.0;2.0;27.0
os;1;F;1;G;14.756;-80.0;0.0;29.0
os;1;F;1;Ad;30.756;-88.0;-2.0;31.0
oex;1;F;1;A;0.416;-28.0;-3.0;23.0
oex;1;F;1;B;0.586;-38.0;-3.0;28.0
oex;1;F;1;C;0.756;-42.0;-2.5;30.0
oex;1;F;1;D1;1.456;-49.0;-2.5;34.0
oex;1;F;1;D2;2.756;-58.5;-3.0;37.0
oex;1;F;1;E;4.756;-65.0;-4.0;40.0
oex;1;F;1;F;9.256;-69.0;-6.0;42.5
oex;1;F;1;G;14.756;-73.0;-8.0;45.0
oex;1;F;1;Ad;30.756;-75.0;-13.0;47.0
oif;1;F;1;A;0.416;-27.0;-12.0;13.0
oif;1;F;1;B;0.586;-41.0;-14.0;16.0
oif;1;F;1;C;0.756;-43.0;-17.0;18.0
oif;1;F;1;D1;1.456;-50.0;-19.0;20.0
oif;1;F;1;D2;2.756;-58.0;-23.0;22.5
oif;1;F;1;E;4.756;-60.0;-25.0;25.0
oif;1;F;1;F;9.256;-65.0;-29.0;27.0
oif;1;F;1;G;14.756;-68.0;-31.0;29.0
oif;1;F;1;Ad;30.756;-73.0;-39.0;31.0
oit;1;F;1;A;0.416;-34.0;-4.0;4.5
oit;1;F;1;B;0.586;-49.0;-5.0;6.0
oit;1;F;1;C;0.756;-53.0;-6.0;6.5
oit;1;F;1;D1;1.456;-59.0;-7.0;7.0
oit;1;F;1;D2;2.756;-67.0;-9.0;7.5
oit;1;F;1;E;4.756;-71.0;-10.5;8.5
oit;1;F;1;F;9.256;-76.0;-12.0;10.0
oit;1;F;1;G;14.756;-80.0;-13.0;10.5
oit;1;F;1;Ad;30.756;-86.0;-17.0;11.0
om;1;F;1;A;0.416;-30.0;-5.5;13.0
om;1;F;1;B;0.586;-44.0;-6.5;16.0
om;1;F;1;C;0.756;-48.0;-7.0;18.0
om;1;F;1;D1;1.456;-54.0;-7.5;20.0
om;1;F;1;D2;2.756;-63.0;-9.0;22.5
om;1;F;1;E;4.756;-66.0;-11.0;25.0
om;1;F;1;F;9.256;-70.0;-13.0;27.0
om;1;F;1;G;14.756;-74.0;-15.5;29.0
om;1;F;1;Ad;30.756;-80.0;-20.5;31.0
op;0;B;1;A;0.416;13.5;-1.0;0.0
op;0;B;1;B;0.586;19.0;-1.0;0.0
op;0;B;1;C;0.756;23.0;-2.0;0.0
op;0;B;1;D1;1.456;27.0;-3.0;0.0
op;0;B;1;D2;2.756;30.0;-6.0;0.0
op;0;B;1;E;4.756;33.0;-8.0;0.0
op;0;B;1;F;9.256;35.0;-9.0;0.0
op;0;B;1;G;14.756;36.0;-11.0;0.0
op;0;B;1;Ad;30.756;37.0;-16.0;0.0
opc;0;U;1;A;0.416;24.5;25.0;0.0
opc;0;U;1;B;0.586;35.0;43.0;0.0
opc;0;U;1;C;0.756;40.0;49.0;0.0
opc;0;U;1;D1;1.456;49.0;53.0;0.0
opc;0;U;1;D2;2.756;57.0;56.0;0.0
opc;0;U;1;E;4.756;60.0;56.0;0.0
opc;0;U;1;F;9.256;61.0;58.0;0.0
opc;0;U;1;G;14.756;62.0;60.0;0.0
opc;0;U;1;Ad;30.756;70.0;54.0;0.0
ov;1;B;1;A;0.416;-8.0;-4.0;10.0
ov;1;B;1;B;0.586;-12.0;-6.0;13.0
ov;1;B;1;C;0.756;-14.0;-8.0;17.0
ov;1;B;1;D1;1.456;-17.0;-9.0;18.0
ov;1;B;1;D2;2.756;-18.0;-10.0;19.0
ov;1;B;1;E;4.756;-20.0;-11.0;21.0
ov;1;B;1;F;9.256;-21.0;-12.0;22.0
ov;1;B;1;G;14.756;-22.0;-13.0;23.0
ov;1;B;1;Ad;30.756;-24.0;-15.0;24.0
pai;1;M;1;A;0.416;-16.0;-15.0;15.0
pai;1;M;1;B;0.586;-26.0;-22.0;21.0
pai;1;M;1;C;0.756;-28.0;-25.0;23.0
pai;1;M;1;D1;1.456;-29.5;-31.0;25.5
pai;1;M;1;D2;2.756;-31.0;-37.0;28.0
pai;1;M;1;E;4.756;-32.0;-46.0;30.0
pai;1;M;1;F;9.256;-33.0;-52.0;34.0
pai;1;M;1;G;14.756;-32.0;-58.0;35.0
pai;1;M;1;Ad;30.756;-28.0;-70.0;39.0
per;1;B;0;A;0.416;-7.0;-4.0;12.0
per;1;B;0;B;0.586;-10.0;-5.5;16.0
per;1;B;0;C;0.756;-11.0;-7.0;20.0
per;1;B;0;D1;1.456;-12.5;-8.0;22.0
per;1;B;0;D2;2.756;-13.0;-9.0;24.0
per;1;B;0;E;4.756;-14.0;-11.0;25.0
per;1;B;0;F;9.256;-15.0;-12.0;26.5
per;1;B;0;G;14.756;-16.0;-13.0;28.0
per;1;B;0;Ad;30.756;-17.0;-16.0;30.0
pog;0;M;1;A;0.416;-27.0;-27.5;0.0
pog;0;M;1;B;0.586;-39.0;-37.0;0.0
pog;0;M;1;C;0.756;-41.0;-42.0;0.0
pog;0;M;1;D1;1.456;-42.0;-51.0;0.0
pog;0;M;1;D2;2.756;-45.0;-62.0;0.0
pog;0;M;1;E;4.756;-48.0;-75.0;0.0
pog;0;M;1;F;9.256;-50.0;-87.0;0.0
pog;0;M;1;G;14.756;-52.0;-94.0;0.0
pog;0;M;1;Ad;30.756;-54.0;-115.0;0.0
pie;1;U;1;A;0.416;3.0;6.0;26.0
pie;1;U;1;B;0.586;5.0;7.0;35.0
pie;1;U;1;C;0.756;6.0;8.0;40.0
pie;1;U;1;D1;1.456;8.0;9.5;44.0
pie;1;U;1;D2;2.756;10.0;10.0;51.0
pie;1;U;1;E;4.756;12.0;11.0;55.0
pie;1;U;1;F;9.256;14.0;12.0;57.5
pie;1;U;1;G;14.756;15.0;13.0;60.0
pie;1;U;1;Ad;30.756;19.0;14.0;64.0
pii;1;U;0;A;0.416;3.0;4.5;25.0
pii;1;U;0;B;0.586;5.0;5.5;32.0
pii;1;U;0;C;0.756;5.5;6.0;39.0
pii;1;U;0;D1;1.456;6.0;7.0;43.0
pii;1;U;0;D2;2.756;7.0;7.5;50.0
pii;1;U;0;E;4.756;8.0;8.0;54.0
pii;1;U;0;F;9.256;10.0;10.0;57.0
pii;1;U;0;G;14.756;12.0;12.0;59.0
pii;1;U;0;Ad;30.756;13.0;13.0;60.0
po;1;B;1;A;0.416;-4.0;-3.0;16.5
po;1;B;1;B;0.586;-4.0;-4.0;23.0
po;1;B;1;C;0.756;-4.0;-4.0;29.0
po;1;B;1;D1;1.456;-4.0;-4.0;34.0
po;1;B;1;D2;2.756;-5.0;-4.0;38.0
po;1;B;1;E;4.756;-5.0;-4.0;41.0
po;1;B;1;F;9.256;-5.0;-4.0;47.0
po;1;B;1;G;14.756;-5.0;-4.0;51.0
po;1;B;1;Ad;30.756;-5.0;-7.0;56.0
post;0;U;1;A;0.416;27.5;16.5;0.0
post;0;U;1;B;0.586;37.0;25.0;0.0
post;0;U;1;C;0.756;45.0;30.0;0.0
post;0;U;1;D1;1.456;54.0;35.0;0.0
post;0;U;1;D2;2.756;63.0;38.0;0.0
post;0;U;1;E;4.756;66.0;40.0;0.0
post;0;U;1;F;9.256;67.0;38.0;0.0
post;0;U;1;G;14.756;69.0;37.0;0.0
post;0;U;1;Ad;30.756;74.0;34.0;0.0
pp;0;F;1;A;0.416;-18.0;-11.0;0.0
pp;0;F;1;B;0.586;-26.0;-14.0;0.0
pp;0;F;1;C;0.756;-27.0;-15.0;0.0
pp;0;F;1;D1;1.456;-32.0;-20.0;0.0
pp;0;F;1;D2;2.756;-33.0;-23.5;0.0
pp;0;F;1;E;4.756;-35.0;-28.0;0.0
pp;0;F;1;F;9.256;-36.0;-35.0;0.0
pp;0;F;1;G;14.756;-35.0;-38.0;0.0
pp;0;F;1;Ad;30.756;-34.0;-45.0;0.0
pr;0;F;1;A;0.416;-30.0;-22.0;0.0
pr;0;F;1;B;0.586;-45.0;-29.0;0.0
pr;0;F;1;C;0.756;-48.0;-31.0;0.0
pr;0;F;1;D1;1.456;-52.0;-36.0;0.0
pr;0;F;1;D2;2.756;-58.0;-45.0;0.0
pr;0;F;1;E;4.756;-62.0;-53.0;0.0
pr;0;F;1;F;9.256;-66.0;-63.0;0.0
pr;0;F;1;G;14.756;-68.0;-65.0;0.0
pr;0;F;1;Ad;30.756;-69.0;-79.0;0.0
pt;1;U;1;A;0.416;-21.0;4.5;26.0
pt;1;U;1;B;0.586;-29.0;7.0;33.0
pt;1;U;1;C;0.756;-32.0;7.5;34.0
pt;1;U;1;D1;1.456;-36.0;9.0;41.0
pt;1;U;1;D2;2.756;-42.0;12.0;45.0
pt;1;U;1;E;4.756;-46.0;13.0;48.0
pt;1;U;1;F;9.256;-48.0;14.0;53.0
pt;1;U;1;G;14.756;-49.0;15.0;54.0
pt;1;U;1;Ad;30.756;-50.0;17.0;57.0
pti;1;U;0;A;0.416;-21.0;4.0;25.0
pti;1;U;0;B;0.586;-29.0;6.0;32.0
pti;1;U;0;C;0.756;-32.0;7.0;32.5
pti;1;U;0;D1;1.456;-36.0;7.5;39.0
pti;1;U;0;D2;2.756;-41.0;8.0;43.0
pti;1;U;0;E;4.756;-44.0;9.0;45.0
pti;1;U;0;F;9.256;-46.0;9.5;49.5
pti;1;U;0;G;14.756;-47.0;10.0;50.0
pti;1;U;0;Ad;30.756;-48.0;10.5;52.0
pv;0;U;1;A;0.416;-39.5;0.0;0.0
pv;0;U;1;B;0.586;-55.0;0.0;0.0
pv;0;U;1;C;0.756;-59.0;0.0;0.0
pv;0;U;1;D1;1.456;-66.0;0.0;0.0
pv;0;U;1;D2;2.756;-75.0;0.0;0.0
pv;0;U;1;E;4.756;-85.0;0.0;0.0
pv;0;U;1;F;9.256;-88.0;0.0;0.0
pv;0;U;1;G;14.756;-93.0;0.0;0.0
pv;0;U;1;Ad;30.756;-101.0;0.0;0.0
py;1;F;1;A;0.416;-15.0;-13.0;12.0
py;1;F;1;B;0.586;-23.0;-16.0;13.0
py;1;F;1;C;0.756;-26.0;-18.0;15.0
py;1;F;1;D1;1.456;-29.0;-21.0;17.0
py;1;F;1;D2;2.756;-30.0;-26.0;18.0
py;1;F;1;E;4.756;-32.0;-32.0;20.0
py;1;F;1;F;9.256;-31.0;-40.0;21.0
py;1;F;1;G;14.756;-30.5;-43.0;22.0
py;1;F;1;Ad;30.756;-26.0;-54.0;23.0
rh;0;F;1;A;0.416;-38.0;-11.0;0.0
rh;0;F;1;B;0.586;-55.0;-11.0;0.0
rh;0;F;1;C;0.756;-59.0;-11.0;0.0
rh;0;F;1;D1;1.456;-65.0;-12.0;0.0
rh;0;F;1;D2;2.756;-75.0;-16.0;0.0
rh;0;F;1;E;4.756;-81.0;-21.0;0.0
rh;0;F;1;F;9.256;-88.0;-26.0;0.0
rh;0;F;1;G;14.756;-90.0;-28.0;0.0
rh;0;F;1;Ad;30.756;-98.0;-35.0;0.0
rv;0;U;1;A;0.416;15.0;0.0;0.0
rv;0;U;1;B;0.586;19.0;0.0;0.0
rv;0;U;1;C;0.756;23.0;0.0;0.0
rv;0;U;1;D1;1.456;34.0;0.0;0.0
rv;0;U;1;D2;2.756;44.0;0.0;0.0
rv;0;U;1;E;4.756;47.0;0.0;0.0
rv;0;U;1;F;9.256;49.0;0.0;0.0
rv;0;U;1;G;14.756;51.0;0.0;0.0
rv;0;U;1;Ad;30.756;57.0;0.0;0.0
S;0;B;1;A;0.416;-12.0;0.5;0.0
S;0;B;1;B;0.586;-17.0;2.0;0.0
S;0;B;1;C;0.756;-18.0;2.0;0.0
S;0;B;1;D1;1.456;-21.0;3.0;0.0
S;0;B;1;D2;2.756;-23.5;3.0;0.0
S;0;B;1;E;4.756;-26.0;2.0;0.0
S;0;B;1;F;9.256;-29.0;1.0;0.0
S;0;B;1;G;14.756;-30.0;1.0;0.0
S;0;B;1;Ad;30.756;-31.0;-1.0;0.0
si;0;M;1;A;0.416;-23.0;-27.0;0.0
si;0;M;1;B;0.586;-34.0;-40.0;0.0
si;0;M;1;C;0.756;-35.0;-43.0;0.0
si;0;M;1;D1;1.456;-37.0;-51.0;0.0
si;0;M;1;D2;2.756;-39.0;-64.0;0.0
si;0;M;1;E;4.756;-40.0;-75.0;0.0
si;0;M;1;F;9.256;-41.0;-88.0;0.0
si;0;M;1;G;14.756;-42.0;-94.0;0.0
si;0;M;1;Ad;30.756;-43.0;-115.0;0.0
so;1;F;1;A;0.416;-28.0;-14.0;9.0
so;1;F;1;B;0.586;-40.0;-17.0;12.0
so;1;F;1;C;0.756;-45.0;-19.0;13.0
so;1;F;1;D1;1.456;-50.0;-21.0;14.0
so;1;F;1;D2;2.756;-55.0;-25.0;16.0
so;1;F;1;E;4.756;-59.0;-27.0;18.0
so;1;F;1;F;9.256;-64.0;-33.0;20.0
so;1;F;1;G;14.756;-66.0;-35.0;22.0
so;1;F;1;Ad;30.756;-68.0;-42.0;26.0
sp;1;B;1;A;0.416;-6.5;-5.0;14.0
sp;1;B;1;B;0.586;-8.5;-7.0;19.0
sp;1;B;1;C;0.756;-9.0;-8.0;23.0
sp;1;B;1;D1;1.456;-9.5;-9.0;25.0
sp;1;B;1;D2;2.756;-10.0;-10.0;28.0
sp;1;B;1;E;4.756;-10.5;-12.0;29.0
sp;1;B;1;F;9.256;-11.0;-13.5;31.0
sp;1;B;1;G;14.756;-11.0;-15.0;33.0
sp;1;B;1;Ad;30.756;-11.0;-17.0;37.0
spi;1;B;0;A;0.416;-6.5;-3.0;13.0
spi;1;B;0;B;0.586;-9.0;-4.5;18.0
spi;1;B;0;C;0.756;-10.0;-6.5;22.0
spi;1;B;0;D1;1.456;-10.5;-8.0;25.0
spi;1;B;0;D2;2.756;-11.0;-9.0;27.0
spi;1;B;0;E;4.756;-11.5;-11.0;29.0
spi;1;B;0;F;9.256;-12.0;-12.0;30.5
spi;1;B;0;G;14.756;-13.0;-13.0;32.0
spi;1;B;0;Ad;30.756;-14.0;-15.0;34.0
spx;1;M;1;A;0.416;-10.0;-12.0;16.0
spx;1;M;1;B;0.586;-16.0;-17.0;22.0
spx;1;M;1;C;0.756;-17.0;-20.0;26.0
spx;1;M;1;D1;1.456;-18.0;-22.5;29.0
spx;1;M;1;D2;2.756;-18.0;-26.0;32.0
spx;1;M;1;E;4.756;-17.0;-32.5;34.5
spx;1;M;1;F;9.256;-15.0;-40.0;39.0
spx;1;M;1;G;14.756;-13.0;-43.0;41.0
spx;1;M;1;Ad;30.756;-10.0;-45.0;42.0
tda;1;B;0;A;0.416;-8.0;-4.0;5.0
tda;1;B;0;B;0.586;-10.5;-4.5;5.5
tda;1;B;0;C;0.756;-12.0;-6.5;6.0
tda;1;B;0;D1;1.456;-14.5;-8.0;8.0
tda;1;B;0;D2;2.756;-15.0;-9.0;9.0
tda;1;B;0;E;4.756;-15.5;-9.5;10.0
tda;1;B;0;F;9.256;-16.0;-10.0;11.5
tda;1;B;0;G;14.756;-16.5;-10.5;13.0
tda;1;B;0;Ad;30.756;-18.0;-11.0;15.0
tdp;1;B;0;A;0.416;1.0;-5.0;11.0
tdp;1;B;0;B;0.586;1.5;-5.5;15.0
tdp;1;B;0;C;0.756;2.0;-8.0;17.0
tdp;1;B;0;D1;1.456;2.5;-8.5;20.0
tdp;1;B;0;D2;2.756;3.0;-10.0;23.0
tdp;1;B;0;E;4.756;3.5;-10.5;25.0
tdp;1;B;0;F;9.256;4.0;-11.0;27.5
tdp;1;B;0;G;14.756;4.5;-12.0;30.0
tdp;1;B;0;Ad;30.756;5.0;-13.0;32.0
tm;1;M;1;A;0.416;-23.0;-23.0;9.0
tm;1;M;1;B;0.586;-34.0;-32.0;12.5
tm;1;M;1;C;0.756;-35.0;-35.0;13.0
tm;1;M;1;D1;1.456;-36.5;-44.0;14.0
tm;1;M;1;D2;2.756;-38.0;-53.0;15.0
tm;1;M;1;E;4.756;-41.0;-64.0;17.0
tm;1;M;1;F;9.256;-43.0;-76.0;18.0
tm;1;M;1;G;14.756;-44.0;-82.0;19.0
tm;1;M;1;Ad;30.756;-47.0;-100.0;20.0
top;1;B;1;A;0.416;-15.5;1.0;5.0
top;1;B;1;B;0.586;-22.0;2.0;5.5
top;1;B;1;C;0.756;-25.0;3.0;7.0
top;1;B;1;D1;1.456;-28.0;3.5;8.0
top;1;B;1;D2;2.756;-31.0;3.5;9.0
top;1;B;1;E;4.756;-33.0;4.0;10.0
top;1;B;1;F;9.256;-37.0;4.5;10.5
top;1;B;1;G;14.756;-37.5;4.0;11.0
top;1;B;1;Ad;30.756;-38.0;3.0;13.0
ve;1;B;1;A;0.416;0.0;0.0;20.0
ve;1;B;1;B;0.586;0.0;0.0;28.0
ve;1;B;1;C;0.756;0.0;0.0;35.0
ve;1;B;1;D1;1.456;0.0;0.0;40.0
ve;1;B;1;D2;2.756;0.0;0.0;43.0
ve;1;B;1;E;4.756;0.0;0.0;47.0
ve;1;B;1;F;9.256;0.0;0.0;53.0
ve;1;B;1;G;14.756;0.0;0.0;58.0
ve;1;B;1;Ad;30.756;0.0;0.0;62.0
vi;1;B;1;A;0.416;0.0;0.0;14.0
vi;1;B;1;B;0.586;0.0;0.0;19.0
vi;1;B;1;C;0.756;0.0;0.0;23.0
vi;1;B;1;D1;1.456;0.0;0.0;27.0
vi;1;B;1;D2;2.756;0.0;0.0;30.0
vi;1;B;1;E;4.756;0.0;0.0;32.0
vi;1;B;1;F;9.256;0.0;0.0;35.0
vi;1;B;1;G;14.756;0.0;0.0;38.0
vi;1;B;1;Ad;30.756;0.0;0.0;41.0
vx;0;U;1;A;0.416;-9.0;46.0;0.0
vx;0;U;1;B;0.586;-7.0;68.0;0.0
vx;0;U;1;C;0.756;-6.0;76.0;0.0
vx;0;U;1;D1;1.456;-5.0;88.0;0.0
vx;0;U;1;D2;2.756;-5.0;99.0;0.0
vx;0;U;1;E;4.756;-5.0;105.0;0.0
vx;0;U;1;F;9.256;-5.0;106.0;0.0
vx;0;U;1;G;14.756;-5.0;106.0;0.0
vx;0;U;1;Ad;30.756;-3.0;106.0;0.0
za;1;F;1;A;0.416;-24.0;-11.0;20.0
za;1;F;1;B;0.586;-32.0;-13.0;25.0
za;1;F;1;C;0.756;-39.0;-16.0;30.0
za;1;F;1;D1;1.456;-42.0;-18.0;34.0
za;1;F;1;D2;2.756;-47.0;-21.0;36.0
za;1;F;1;E;4.756;-51.0;-25.0;41.0
za;1;F;1;F;9.256;-54.0;-28.0;43.0
za;1;F;1;G;14.756;-56.0;-31.0;45.0
za;1;F;1;Ad;30.756;-60.0;-39.0;50.0
zm;1;F;1;A;0.416;-15.0;-9.0;25.0
zm;1;F;1;B;0.586;-22.0;-9.0;30.0
zm;1;F;1;C;0.756;-24.0;-9.0;35.0
zm;1;F;1;D1;1.456;-27.0;-10.0;40.0
zm;1;F;1;D2;2.756;-29.0;-11.0;43.0
zm;1;F;1;E;4.756;-32.0;-13.0;47.0
zm;1;F;1;F;9.256;-33.0;-15.0;52.0
zm;1;F;1;G;14.756;-35.0;-18.0;57.0
zm;1;F;1;Ad;30.756;-36.0;-21.0;63.0
VII;1;B;0;A;0.416;1.0;-5.0;15.0
VII;1;B;0;B;0.586;2.0;-5.5;20.0
VII;1;B;0;C;0.756;2.5;-6.5;25.0
VII;1;B;0;D1;1.456;3.0;-8.0;32.0
VII;1;B;0;D2;2.756;3.5;-8.5;33.0
VII;1;B;0;E;4.756;4.0;-9.0;34.5
VII;1;B;0;F;9.256;4.0;-10.0;37.0
VII;1;B;0;G;14.756;4.0;-11.0;40.0
VII;1;B;0;Ad;30.756;4.0;-12.0;43.0
VIII;1;B;0;A;0.416;0.0;0.0;11.0
VIII;1;B;0;B;0.586;0.0;0.0;15.0
VIII;1;B;0;C;0.756;0.0;0.0;18.0
VIII;1;B;0;D1;1.456;0.0;0.0;21.0
VIII;1;B;0;D2;2.756;0.0;0.0;22.5
VIII;1;B;0;E;4.756;0.0;0.0;24.0
VIII;1;B;0;F;9.256;0.0;0.0;27.0
VIII;1;B;0;G;14.756;0.0;0.0;29.0
VIII;1;B;0;Ad;30.756;-1.0;1.0;30.0
XIIe;1;B;0;A;0.416;2.0;-2.0;8.0
XIIe;1;B;0;B;0.586;3.0;-4.0;10.0
XIIe;1;B;0;C;0.756;3.5;-6.0;12.0
XIIe;1;B;0;D1;1.456;4.0;-8.0;14.0
XIIe;1;B;0;D2;2.756;4.5;-9.5;17.0
XIIe;1;B;0;E;4.756;4.5;-11.0;18.0
XIIe;1;B;0;F;9.256;5.0;-13.5;19.0
XIIe;1;B;0;G;14.756;5.5;-15.0;21.0
XIIe;1;B;0;Ad;30.756;6.0;-17.0;22.0
XIIi;1;B;0;A;0.416;5.0;-2.0;6.0
XIIi;1;B;0;B;0.586;6.0;-3.0;7.0
XIIi;1;B;0;C;0.756;7.0;-4.0;8.0
XIIi;1;B;0;D1;1.456;7.5;-7.0;11.0
XIIi;1;B;0;D2;2.756;8.0;-8.0;13.0
XIIi;1;B;0;E;4.756;9.0;-10.0;15.0
XIIi;1;B;0;F;9.256;9.5;-11.5;16.0
XIIi;1;B;0;G;14.756;10.0;-13.0;17.0
XIIi;1;B;0;Ad;30.756;11.0;-16.0;19.0
